id,first_name,last_name,email,gender,ip_address,country,country_code,city,address
1,Happy,Llewellen,hllewellen0@nifty.com,Female,97.178.72.112,China,CN,Sanshandao,6812 Sutteridge Hill
2,Man,Branscombe,mbranscombe1@illinois.edu,Male,156.91.107.246,Indonesia,ID,Bobojong,721 International Junction
3,Johnna,Partridge,jpartridge2@washingtonpost.com,Female,13.223.99.94,China,CN,Dongqianhu,99446 Marquette Crossing
4,Katusha,Jobke,kjobke3@4shared.com,Female,81.194.86.213,Brazil,BR,Brumado,40011 Mariners Cove Circle
5,Kinsley,Spratling,kspratling4@reddit.com,Male,82.1.103.252,Kenya,KE,Embu,2920 Myrtle Way
6,Arleyne,Leffek,aleffek5@sogou.com,Female,63.190.171.235,Philippines,PH,Herrera,564 Morningstar Way
7,Barbie,Hankinson,bhankinson6@pinterest.com,Female,32.119.239.231,Philippines,PH,Janiuay,10823 Carberry Parkway
8,Hesther,Gepp,hgepp7@reuters.com,Female,87.247.130.109,Russia,RU,Troitskoye,2517 Graceland Junction
9,Erich,Isacq,eisacq8@meetup.com,Male,60.255.246.2,Paraguay,PY,Colonia Neuland,308 4th Alley
10,Clarabelle,Arends,carends9@thetimes.co.uk,Female,180.128.148.44,Sweden,SE,Bromma,103 Derek Point
